,ds,trend,yhat_lower,yhat_upper,trend_lower,trend_upper,additive_terms,additive_terms_lower,additive_terms_upper,weekly,weekly_lower,weekly_upper,multiplicative_terms,multiplicative_terms_lower,multiplicative_terms_upper,yhat
0,2021-08-20,694.8349523193846,551.2818692803729,824.5256202760847,694.8349523193846,694.8349523193846,-4.287081330295487,-4.287081330295487,-4.287081330295487,-4.287081330295487,-4.287081330295487,-4.287081330295487,0.0,0.0,0.0,690.5478709890891
1,2021-08-23,705.9343527576543,589.9723370345588,838.6203526924251,705.9343527576543,705.9343527576543,12.61503535966809,12.61503535966809,12.61503535966809,12.61503535966809,12.61503535966809,12.61503535966809,0.0,0.0,0.0,718.5493881173225
2,2021-08-24,709.6341529037444,566.7244560806352,834.9864861400944,709.6341529037444,709.6341529037444,2.1100177006126417,2.1100177006126417,2.1100177006126417,2.1100177006126417,2.1100177006126417,2.1100177006126417,0.0,0.0,0.0,711.744170604357
3,2021-08-25,713.3339530498343,592.8006625193333,838.147809371101,713.3339530498343,713.3339530498343,6.373394216098096,6.373394216098096,6.373394216098096,6.373394216098096,6.373394216098096,6.373394216098096,0.0,0.0,0.0,719.7073472659324
4,2021-08-26,717.0337531959242,585.6044457156978,843.7667947237596,717.0337531959242,717.0337531959242,-0.15582663016697498,-0.15582663016697498,-0.15582663016697498,-0.15582663016697498,-0.15582663016697498,-0.15582663016697498,0.0,0.0,0.0,716.8779265657572
5,2021-08-27,720.7335533420141,593.6131975358711,843.2924275203812,720.7335533420141,720.7335533420141,-4.287081330273032,-4.287081330273032,-4.287081330273032,-4.287081330273032,-4.287081330273032,-4.287081330273032,0.0,0.0,0.0,716.4464720117411
6,2021-08-30,731.8329537802839,619.5728704280269,867.9399789902888,731.8329537802839,731.8329537802839,12.61503535966817,12.61503535966817,12.61503535966817,12.61503535966817,12.61503535966817,12.61503535966817,0.0,0.0,0.0,744.447989139952
7,2021-08-31,735.5327539263739,608.9337224500819,857.9957214625176,735.5327539263739,735.5327539263739,2.1100177006004475,2.1100177006004475,2.1100177006004475,2.1100177006004475,2.1100177006004475,2.1100177006004475,0.0,0.0,0.0,737.6427716269743
8,2021-09-01,739.2325540724637,620.1254835507143,874.1133707932861,739.2325540724637,739.2325540724637,6.373394216065371,6.373394216065371,6.373394216065371,6.373394216065371,6.373394216065371,6.373394216065371,0.0,0.0,0.0,745.605948288529
9,2021-09-02,742.9323542243493,617.5028322530767,873.8214027831092,742.9323542243493,742.9323542243493,-0.1558266301953235,-0.1558266301953235,-0.1558266301953235,-0.1558266301953235,-0.1558266301953235,-0.1558266301953235,0.0,0.0,0.0,742.776527594154
10,2021-09-03,746.6321543762349,611.6775202498466,867.0554503808728,746.6321543762349,746.6321543762349,-4.287081330326204,-4.287081330326204,-4.287081330326204,-4.287081330326204,-4.287081330326204,-4.287081330326204,0.0,0.0,0.0,742.3450730459086
11,2021-09-07,761.431354983777,638.4230384449152,894.6136349521892,761.431354983777,761.431354983777,2.110017700609695,2.110017700609695,2.110017700609695,2.110017700609695,2.110017700609695,2.110017700609695,0.0,0.0,0.0,763.5413726843867
12,2021-09-08,765.1311551356627,642.6236522649101,899.5286240761942,765.1311551356627,765.1311551356627,6.373394216083499,6.373394216083499,6.373394216083499,6.373394216083499,6.373394216083499,6.373394216083499,0.0,0.0,0.0,771.5045493517462
13,2021-09-09,768.8309552875482,642.9024415748395,895.6683873739122,768.8309552875482,768.8309552875482,-0.15582663015347945,-0.15582663015347945,-0.15582663015347945,-0.15582663015347945,-0.15582663015347945,-0.15582663015347945,0.0,0.0,0.0,768.6751286573948
14,2021-09-10,772.5307554394337,638.9526844957826,887.2564429704656,772.5307554394337,772.5307554394337,-4.287081330303748,-4.287081330303748,-4.287081330303748,-4.287081330303748,-4.287081330303748,-4.287081330303748,0.0,0.0,0.0,768.24367410913
15,2021-09-13,783.6301558950904,673.2005807680592,911.2525666960108,783.6301558950904,783.6301558950904,12.615035359648019,12.615035359648019,12.615035359648019,12.615035359648019,12.615035359648019,12.615035359648019,0.0,0.0,0.0,796.2451912547384
16,2021-09-14,787.329956046976,659.6988846444223,913.3815861995747,787.329956046976,787.329956046976,2.110017700619057,2.110017700619057,2.110017700619057,2.110017700619057,2.110017700619057,2.110017700619057,0.0,0.0,0.0,789.4399737475951
17,2021-09-15,791.02975615606,674.1409872586507,927.303438194921,791.02975615606,791.02975615606,6.3733942160762,6.3733942160762,6.3733942160762,6.3733942160762,6.3733942160762,6.3733942160762,0.0,0.0,0.0,797.4031503721362
18,2021-09-16,794.7295562651441,673.2494978679232,926.8713630146688,794.7295562651441,794.7295562651441,-0.15582663018182796,-0.15582663018182796,-0.15582663018182796,-0.15582663018182796,-0.15582663018182796,-0.15582663018182796,0.0,0.0,0.0,794.5737296349622
19,2021-09-17,798.4293563742281,666.4481698303503,918.7991564786566,798.4293563742281,798.4293563742281,-4.2870813302819295,-4.2870813302819295,-4.2870813302819295,-4.2870813302819295,-4.2870813302819295,-4.2870813302819295,0.0,0.0,0.0,794.1422750439461
20,2021-09-20,809.5287567014801,689.0379171812392,953.9726747713278,809.5287567014801,809.5287567014801,12.615035359660313,12.615035359660313,12.615035359660313,12.615035359660313,12.615035359660313,12.615035359660313,0.0,0.0,0.0,822.1437920611404
21,2021-09-21,813.2285568105642,686.3019704328458,930.6411561152811,813.2285568105642,813.2285568105642,2.1100177006068606,2.1100177006068606,2.1100177006068606,2.1100177006068606,2.1100177006068606,2.1100177006068606,0.0,0.0,0.0,815.338574511171
22,2021-09-22,816.9283569196482,695.9569553364191,950.4880485085969,816.9283569196482,816.9283569196482,6.3733942160772195,6.3733942160772195,6.3733942160772195,6.3733942160772195,6.3733942160772195,6.3733942160772195,0.0,0.0,0.0,823.3017511357255
23,2021-09-23,820.6281570287323,693.5180114991368,952.5011607564556,820.6281570287323,820.6281570287323,-0.15582663017508033,-0.15582663017508033,-0.15582663017508033,-0.15582663017508033,-0.15582663017508033,-0.15582663017508033,0.0,0.0,0.0,820.4723303985572
24,2021-09-24,824.3279571378163,695.5516659661951,958.8517770570984,824.3279571378163,824.3279571378163,-4.287081330297288,-4.287081330297288,-4.287081330297288,-4.287081330297288,-4.287081330297288,-4.287081330297288,0.0,0.0,0.0,820.040875807519
25,2021-09-27,835.427357465715,724.0240561006709,971.8781149342368,835.427357465715,835.427357465715,12.615035359660393,12.615035359660393,12.615035359660393,12.615035359660393,12.615035359660393,12.615035359660393,0.0,0.0,0.0,848.0423928253754
26,2021-09-28,839.1271575750145,709.7873305191242,959.6702308954252,839.1271575750145,839.1271575750145,2.1100177006053875,2.1100177006053875,2.1100177006053875,2.1100177006053875,2.1100177006053875,2.1100177006053875,0.0,0.0,0.0,841.2371752756198
27,2021-09-29,842.826957684314,722.0525348578003,983.1681374473475,842.826957684314,842.826957684314,6.37339421606992,6.37339421606992,6.37339421606992,6.37339421606992,6.37339421606992,6.37339421606992,0.0,0.0,0.0,849.2003519003839
28,2021-09-30,846.5267577936136,718.6538024020936,965.538890834406,846.5267577936136,846.5267577936136,-0.15582663020342888,-0.15582663020342888,-0.15582663020342888,-0.15582663020342888,-0.15582663020342888,-0.15582663020342888,0.0,0.0,0.0,846.3709311634101
29,2021-10-01,850.2265579029131,721.120180939979,968.3631904624218,850.2265579029131,850.2265579029131,-4.287081330312646,-4.287081330312646,-4.287081330312646,-4.287081330312646,-4.287081330312646,-4.287081330312646,0.0,0.0,0.0,845.9394765726005
30,2021-10-04,861.3259582308118,740.1255372443115,998.6231916500467,861.3259582308118,861.3259582308118,12.615035359666583,12.615035359666583,12.615035359666583,12.615035359666583,12.615035359666583,12.615035359666583,0.0,0.0,0.0,873.9409935904783
31,2021-10-05,865.0257583401113,734.6954576367742,994.0421984984624,865.0257583401113,865.0257583401113,2.1100177006039145,2.1100177006039145,2.1100177006039145,2.1100177006039145,2.1100177006039145,2.1100177006039145,0.0,0.0,0.0,867.1357760407152
32,2021-10-06,868.7255584494109,752.2495636520068,1000.1423315537527,868.7255584494109,868.7255584494109,6.373394216088051,6.373394216088051,6.373394216088051,6.373394216088051,6.373394216088051,6.373394216088051,0.0,0.0,0.0,875.0989526654989
33,2021-10-07,872.4253585655338,745.9803976327898,1003.5937798400132,872.4253585655338,872.4253585655338,-0.15582663016158507,-0.15582663016158507,-0.15582663016158507,-0.15582663016158507,-0.15582663016158507,-0.15582663016158507,0.0,0.0,0.0,872.2695319353721
34,2021-10-08,876.1251586816567,748.6317649137228,996.7239204254839,876.1251586816567,876.1251586816567,-4.287081330253014,-4.287081330253014,-4.287081330253014,-4.287081330253014,-4.287081330253014,-4.287081330253014,0.0,0.0,0.0,871.8380773514036
35,2021-10-11,887.2245590300255,769.6875714866525,1014.7872617566696,887.2245590300255,887.2245590300255,12.615035359646345,12.615035359646345,12.615035359646345,12.615035359646345,12.615035359646345,12.615035359646345,0.0,0.0,0.0,899.8395943896718
36,2021-10-12,890.9243591461483,769.2210924835408,1023.4868429028494,890.9243591461483,890.9243591461483,2.11001770060244,2.11001770060244,2.11001770060244,2.11001770060244,2.11001770060244,2.11001770060244,0.0,0.0,0.0,893.0343768467507
37,2021-10-13,894.6241592622712,780.5790849329895,1027.4680885352657,894.6241592622712,894.6241592622712,6.373394216055323,6.373394216055323,6.373394216055323,6.373394216055323,6.373394216055323,6.373394216055323,0.0,0.0,0.0,900.9975534783265
38,2021-10-14,898.3239593783942,767.6236014830461,1023.7209062595261,898.3239593783942,898.3239593783942,-0.1558266301830953,-0.1558266301830953,-0.1558266301830953,-0.1558266301830953,-0.1558266301830953,-0.1558266301830953,0.0,0.0,0.0,898.1681327482111
39,2021-10-15,902.023759494517,761.6028226552113,1025.7685954431486,902.023759494517,902.023759494517,-4.287081330306186,-4.287081330306186,-4.287081330306186,-4.287081330306186,-4.287081330306186,-4.287081330306186,0.0,0.0,0.0,897.7366781642108
40,2021-10-18,913.1231598428857,800.7801191818328,1054.6110627911785,913.1231598428857,913.1231598428857,12.615035359652536,12.615035359652536,12.615035359652536,12.615035359652536,12.615035359652536,12.615035359652536,0.0,0.0,0.0,925.7381952025382
41,2021-10-19,916.8229599206734,786.3243403386501,1048.7298834765345,916.8229599206734,916.8229599206734,2.1100177006118033,2.1100177006118033,2.1100177006118033,2.1100177006118033,2.1100177006118033,2.1100177006118033,0.0,0.0,0.0,918.9329776212852
42,2021-10-20,920.5227599984613,817.3118734748961,1063.6503558087068,920.5227599984613,920.5227599984613,6.373394216073452,6.373394216073452,6.373394216073452,6.373394216073452,6.373394216073452,6.373394216073452,0.0,0.0,0.0,926.8961542145348
43,2021-10-21,924.2225600762491,800.9520408136128,1048.5030212946492,924.2225600762491,924.2225600762491,-0.15582663017634768,-0.15582663017634768,-0.15582663017634768,-0.15582663017634768,-0.15582663017634768,-0.15582663017634768,0.0,0.0,0.0,924.0667334460728
44,2021-10-22,927.9223601540369,802.989006910618,1047.560404578422,927.9223601540369,927.9223601540369,-4.28708133028373,-4.28708133028373,-4.28708133028373,-4.28708133028373,-4.28708133028373,-4.28708133028373,0.0,0.0,0.0,923.6352788237532
45,2021-10-25,939.0217603874003,826.2840106688385,1069.2079301865654,939.0217603874003,939.0217603874003,12.615035359652614,12.615035359652614,12.615035359652614,12.615035359652614,12.615035359652614,12.615035359652614,0.0,0.0,0.0,951.6367957470529
46,2021-10-26,942.7215604651881,819.6286334392454,1069.9818422772903,942.7215604651881,942.7215604651881,2.110017700621052,2.110017700621052,2.110017700621052,2.110017700621052,2.110017700621052,2.110017700621052,0.0,0.0,0.0,944.8315781658091
47,2021-10-27,946.4213605429759,823.9843103053597,1084.9681451018987,946.4213605429759,946.4213605429759,6.373394216091583,6.373394216091583,6.373394216091583,6.373394216091583,6.373394216091583,6.373394216091583,0.0,0.0,0.0,952.7947547590675
48,2021-10-28,950.1211606207636,818.7468708685924,1075.1234584546808,950.1211606207636,950.1211606207636,-0.15582663016960005,-0.15582663016960005,-0.15582663016960005,-0.15582663016960005,-0.15582663016960005,-0.15582663016960005,0.0,0.0,0.0,949.965333990594
49,2021-10-29,953.82094987012,821.184951188883,1081.9000511335257,953.82094987012,953.82094987012,-4.287081330299088,-4.287081330299088,-4.287081330299088,-4.287081330299088,-4.287081330299088,-4.287081330299088,0.0,0.0,0.0,949.5338685398209
50,2021-11-01,964.9203176181891,845.1746973920932,1109.7727331410458,964.9203176181891,964.9203176181891,12.61503535966491,12.61503535966491,12.61503535966491,12.61503535966491,12.61503535966491,12.61503535966491,0.0,0.0,0.0,977.535352977854
51,2021-11-02,968.6201068675452,844.6016794285287,1099.3501798204686,968.6201068675452,968.6201068675452,2.1100177006088554,2.1100177006088554,2.1100177006088554,2.1100177006088554,2.1100177006088554,2.1100177006088554,0.0,0.0,0.0,970.7301245681541
52,2021-11-03,972.3198961169016,847.9121948705808,1101.3987960352804,972.3198961169016,972.3198961169016,6.373394216084284,6.373394216084284,6.373394216084284,6.373394216084284,6.373394216084284,6.373394216084284,0.0,0.0,0.0,978.693290332986
53,2021-11-04,976.019685366258,843.2892992937185,1086.5435589004037,976.019685366258,976.019685366258,-0.1558266301560141,-0.1558266301560141,-0.1558266301560141,-0.1558266301560141,-0.1558266301560141,-0.1558266301560141,0.0,0.0,0.0,975.863858736102
54,2021-11-05,979.7194746156143,851.1628465329666,1093.9571937420912,979.7194746156143,979.7194746156143,-4.287081330276632,-4.287081330276632,-4.287081330276632,-4.287081330276632,-4.287081330276632,-4.287081330276632,0.0,0.0,0.0,975.4323932853378
55,2021-11-08,990.8188423636834,868.9957911687101,1125.0632228893564,990.8188423636834,990.8188423636834,12.615035359664992,12.615035359664992,12.615035359664992,12.615035359664992,12.615035359664992,12.615035359664992,0.0,0.0,0.0,1003.4338777233484
56,2021-11-09,994.5186316130398,866.8638659547323,1116.7068243891592,994.5186316130398,994.5186316130398,2.1100177006073815,2.1100177006073815,2.1100177006073815,2.1100177006073815,2.1100177006073815,2.1100177006073815,0.0,0.0,0.0,996.6286493136472
57,2021-11-10,997.1208041905043,886.0714009495281,1129.0037094099553,997.1208041905043,997.1208041905043,6.373394216085303,6.373394216085303,6.373394216085303,6.373394216085303,6.373394216085303,6.373394216085303,0.0,0.0,0.0,1003.4941984065896
58,2021-11-11,999.7229767679686,877.2464556576663,1126.7351781321845,999.7229767679686,999.7229767679686,-0.15582663018436263,-0.15582663018436263,-0.15582663018436263,-0.15582663018436263,-0.15582663018436263,-0.15582663018436263,0.0,0.0,0.0,999.5671501377842
59,2021-11-12,1002.325149345433,864.2693040081634,1123.5509060648837,1002.325149345433,1002.325149345433,-4.287081330329804,-4.287081330329804,-4.287081330329804,-4.287081330329804,-4.287081330329804,-4.287081330329804,0.0,0.0,0.0,998.0380680151032
60,2021-11-15,1010.1316670778264,897.0785858371764,1148.7043401682786,1010.1316670778264,1010.1316670778264,12.615035359644754,12.615035359644754,12.615035359644754,12.615035359644754,12.615035359644754,12.615035359644754,0.0,0.0,0.0,1022.7467024374711
61,2021-11-16,1012.7338396552907,895.5053546549249,1133.821588568237,1012.7338396552907,1012.7338396552907,2.1100177006059093,2.1100177006059093,2.1100177006059093,2.1100177006059093,2.1100177006059093,2.1100177006059093,0.0,0.0,0.0,1014.8438573558966
62,2021-11-17,1015.3360122327551,899.4268001907998,1148.9884484138245,1015.3360122327551,1015.3360122327551,6.373394216078003,6.373394216078003,6.373394216078003,6.373394216078003,6.373394216078003,6.373394216078003,0.0,0.0,0.0,1021.7094064488332
63,2021-11-18,1017.9381848102197,902.8820807822237,1149.9069369001886,1017.9381848102197,1017.9381848102197,-0.15582663014251885,-0.15582663014251885,-0.15582663014251885,-0.15582663014251885,-0.15582663014251885,-0.15582663014251885,0.0,0.0,0.0,1017.7823581800772
64,2021-11-19,1020.540357387684,891.4672766345498,1145.658746303289,1020.540357387684,1020.540357387684,-4.287081330307349,-4.287081330307349,-4.287081330307349,-4.287081330307349,-4.287081330307349,-4.287081330307349,0.0,0.0,0.0,1016.2532760573766
65,2021-11-22,1023.8811424560248,908.7432250530021,1161.2055342191754,1023.8811424560248,1023.8811424560248,12.615035359644837,12.615035359644837,12.615035359644837,12.615035359644837,12.615035359644837,12.615035359644837,0.0,0.0,0.0,1036.4961778156696
66,2021-11-23,1024.9947374788053,910.5134820965765,1149.653478582989,1024.9947374788053,1024.9947374788053,2.110017700604435,2.110017700604435,2.110017700604435,2.110017700604435,2.110017700604435,2.110017700604435,0.0,0.0,0.0,1027.1047551794097
67,2021-11-24,1026.1083325015854,905.6309030935109,1158.4295010328524,1026.1083325015854,1026.1083325015854,6.373394216096133,6.373394216096133,6.373394216096133,6.373394216096133,6.373394216096133,6.373394216096133,0.0,0.0,0.0,1032.4817267176816
68,2021-11-26,1028.3355225471462,892.088664685248,1149.8061174857764,1028.3355225471462,1028.3355225471462,-4.287081330285532,-4.287081330285532,-4.287081330285532,-4.287081330285532,-4.287081330285532,-4.287081330285532,0.0,0.0,0.0,1024.0484412168607
69,2021-11-29,1031.6763076154868,914.3711879603944,1172.070422702745,1031.6763076154868,1031.6763076154868,12.615035359657131,12.615035359657131,12.615035359657131,12.615035359657131,12.615035359657131,12.615035359657131,0.0,0.0,0.0,1044.291342975144
70,2021-11-30,1032.7899026382672,912.901110646534,1165.317018950684,1032.7899026382672,1032.7899026382672,2.1100177005922394,2.1100177005922394,2.1100177005922394,2.1100177005922394,2.1100177005922394,2.1100177005922394,0.0,0.0,0.0,1034.8999203388594
71,2021-12-01,1033.9034976610474,913.243203584258,1163.1545844752566,1033.9034976610474,1033.9034976610474,6.373394216071724,6.373394216071724,6.373394216071724,6.373394216071724,6.373394216071724,6.373394216071724,0.0,0.0,0.0,1040.2768918771192
72,2021-12-02,1035.0170926838277,910.6766016747388,1159.498458941348,1035.0170926838277,1035.0170926838277,-0.15582663019921592,-0.15582663019921592,-0.15582663019921592,-0.15582663019921592,-0.15582663019921592,-0.15582663019921592,0.0,0.0,0.0,1034.8612660536285
73,2021-12-03,1034.7647509878107,911.2015338140964,1153.367047422229,1034.7647509878107,1034.7647509878107,-4.287081330300889,-4.287081330300889,-4.287081330300889,-4.287081330300889,-4.287081330300889,-4.287081330300889,0.0,0.0,0.0,1030.4776696575098
74,2021-12-06,1034.0077258997594,919.1184559768735,1177.2434378429202,1034.0077258997594,1034.0077258997594,12.615035359657213,12.615035359657213,12.615035359657213,12.615035359657213,12.615035359657213,12.615035359657213,0.0,0.0,0.0,1046.6227612594166
75,2021-12-07,1033.7553842037423,912.461175893456,1161.6074834138412,1033.7553842037423,1033.7553842037423,2.110017700623046,2.110017700623046,2.110017700623046,2.110017700623046,2.110017700623046,2.110017700623046,0.0,0.0,0.0,1035.8654019043654
76,2021-12-08,1033.5030425077252,913.1128634144981,1163.8300690369617,1033.5030425077252,1033.5030425077252,6.373394216089854,6.373394216089854,6.373394216089854,6.373394216089854,6.373394216089854,6.373394216089854,0.0,0.0,0.0,1039.876436723815
77,2021-12-09,1033.2507008117082,909.0228221808894,1168.3942051677318,1033.2507008117082,1033.2507008117082,-0.155826630192468,-0.155826630192468,-0.155826630192468,-0.155826630192468,-0.155826630192468,-0.155826630192468,0.0,0.0,0.0,1033.0948741815157
78,2021-12-10,1032.998359115691,896.9815641515474,1154.4121812455182,1032.998359115691,1032.998359115691,-4.287081330316247,-4.287081330316247,-4.287081330316247,-4.287081330316247,-4.287081330316247,-4.287081330316247,0.0,0.0,0.0,1028.711277785375
79,2021-12-13,1032.2413340276396,914.0620615672925,1160.1219002840846,1032.2413340276396,1032.2413340276396,12.615035359657293,12.615035359657293,12.615035359657293,12.615035359657293,12.615035359657293,12.615035359657293,0.0,0.0,0.0,1044.8563693872968
80,2021-12-14,1031.9889923316227,912.4606534730349,1154.2064160378216,1031.9889923316227,1031.9889923316227,2.1100177006108507,2.1100177006108507,2.1100177006108507,2.1100177006108507,2.1100177006108507,2.1100177006108507,0.0,0.0,0.0,1034.0990100322335
81,2021-12-15,1030.9481805704831,907.2846165917173,1164.8614174823829,1030.9481805704831,1030.9481805704831,6.373394216082555,6.373394216082555,6.373394216082555,6.373394216082555,6.373394216082555,6.373394216082555,0.0,0.0,0.0,1037.3215747865656
82,2021-12-16,1029.9073688093436,904.3936179507572,1156.4374856198267,1029.9073688093436,1029.9073688093436,-0.15582663018572065,-0.15582663018572065,-0.15582663018572065,-0.15582663018572065,-0.15582663018572065,-0.15582663018572065,0.0,0.0,0.0,1029.751542179158
83,2021-12-17,1028.866557048204,897.096199679449,1149.2439963256538,1028.866557048204,1028.866557048204,-4.287081330293792,-4.287081330293792,-4.287081330293792,-4.287081330293792,-4.287081330293792,-4.287081330293792,0.0,0.0,0.0,1024.57947571791
84,2021-12-20,1025.7441217647854,912.0994661059427,1169.8310929024678,1025.7441217647854,1025.7441217647854,12.615035359669587,12.615035359669587,12.615035359669587,12.615035359669587,12.615035359669587,12.615035359669587,0.0,0.0,0.0,1038.359157124455
85,2021-12-21,1024.7033100036458,889.9006457584973,1151.4815100855913,1024.7033100036458,1024.7033100036458,2.110017700609377,2.110017700609377,2.110017700609377,2.110017700609377,2.110017700609377,2.110017700609377,0.0,0.0,0.0,1026.8133277042552
86,2021-12-22,1023.6624982425064,901.0730616463998,1156.3430441508076,1023.6624982425064,1023.6624982425064,6.373394216075257,6.373394216075257,6.373394216075257,6.373394216075257,6.373394216075257,6.373394216075257,0.0,0.0,0.0,1030.0358924585817
87,2021-12-23,1022.6216864813667,899.1219974939941,1150.677061225603,1022.6216864813667,1022.6216864813667,-0.15582663017213472,-0.15582663017213472,-0.15582663017213472,-0.15582663017213472,-0.15582663017213472,-0.15582663017213472,0.0,0.0,0.0,1022.4658598511946
88,2021-12-27,1018.4584394368086,909.047177389417,1160.3094906690299,1018.4584394368086,1018.4584394368086,12.615035359669669,12.615035359669669,12.615035359669669,12.615035359669669,12.615035359669669,12.615035359669669,0.0,0.0,0.0,1031.0734747964782
89,2021-12-28,1017.0251951845096,897.7310323673648,1148.007910900981,1017.0251951845096,1017.0251951845096,2.110017700618738,2.110017700618738,2.110017700618738,2.110017700618738,2.110017700618738,2.110017700618738,0.0,0.0,0.0,1019.1352128851283
90,2021-12-29,1015.5919509322104,903.8032157485648,1143.930868454365,1015.5919509322104,1015.5919509322104,6.3733942160679575,6.3733942160679575,6.3733942160679575,6.3733942160679575,6.3733942160679575,6.3733942160679575,0.0,0.0,0.0,1021.9653451482783
91,2021-12-30,1014.1587066799112,894.1948492554677,1150.3653313848176,1014.1587066799112,1014.1587066799112,-0.15582663020048323,-0.15582663020048323,-0.15582663020048323,-0.15582663020048323,-0.15582663020048323,-0.15582663020048323,0.0,0.0,0.0,1014.0028800497107
92,2021-12-31,1012.7254624276122,873.7493460921695,1130.0295700956492,1012.7254624276122,1012.7254624276122,-4.287081330324509,-4.287081330324509,-4.287081330324509,-4.287081330324509,-4.287081330324509,-4.287081330324509,0.0,0.0,0.0,1008.4383810972877
93,2022-01-03,1008.4257296707149,884.7278368378885,1139.711094907859,1008.4257296707149,1008.4257296707149,12.615035359649433,12.615035359649433,12.615035359649433,12.615035359649433,12.615035359649433,12.615035359649433,0.0,0.0,0.0,1021.0407650303644
94,2022-01-04,1006.9924854184158,888.1133675960966,1132.0100155973253,1006.9924854184158,1006.9924854184158,2.110017700627987,2.110017700627987,2.110017700627987,2.110017700627987,2.110017700627987,2.110017700627987,0.0,0.0,0.0,1009.1025031190437
95,2022-01-05,1005.5592411661165,892.609575350777,1140.6809971642645,1005.5592411661165,1005.5592411661165,6.373394216086087,6.373394216086087,6.373394216086087,6.373394216086087,6.373394216086087,6.373394216086087,0.0,0.0,0.0,1011.9326353822026
96,2022-01-06,1004.1259969138175,879.5895692819738,1134.5219963369118,1004.1259969138175,1004.1259969138175,-0.15582663015863918,-0.15582663015863918,-0.15582663015863918,-0.15582663015863918,-0.15582663015863918,-0.15582663015863918,0.0,0.0,0.0,1003.9701702836588
97,2022-01-07,1002.6927504047329,865.8698402232534,1119.4044240748422,1002.6927504047329,1002.6927504047329,-4.287081330302052,-4.287081330302052,-4.287081330302052,-4.287081330302052,-4.287081330302052,-4.287081330302052,0.0,0.0,0.0,998.4056690744309
98,2022-01-10,998.3930108774794,889.1490891853258,1139.040752956208,998.3930108774794,998.3930108774794,12.615035359655622,12.615035359655622,12.615035359655622,12.615035359655622,12.615035359655622,12.615035359655622,0.0,0.0,0.0,1011.008046237135
99,2022-01-11,996.9597643683948,875.9222856065165,1123.1561807028006,996.9597643683948,996.9597643683948,2.1100177006157916,2.1100177006157916,2.1100177006157916,2.1100177006157916,2.1100177006157916,2.1100177006157916,0.0,0.0,0.0,999.0697820690106
100,2022-01-12,995.5265178593103,874.6703303902034,1127.9542919965888,995.5265178593103,995.5265178593103,6.373394216078788,6.373394216078788,6.373394216078788,6.373394216078788,6.373394216078788,6.373394216078788,0.0,0.0,0.0,1001.899912075389
101,2022-01-13,994.0932713502257,872.4030808229008,1123.917604100458,994.0932713502257,994.0932713502257,-0.15582663018698797,-0.15582663018698797,-0.15582663018698797,-0.15582663018698797,-0.15582663018698797,-0.15582663018698797,0.0,0.0,0.0,993.9374447200387
102,2022-01-14,992.6600248411412,864.8639732182285,1110.7262617057538,992.6600248411412,992.6600248411412,-4.287081330280235,-4.287081330280235,-4.287081330280235,-4.287081330280235,-4.287081330280235,-4.287081330280235,0.0,0.0,0.0,988.372943510861
103,2022-01-18,986.927038804803,858.8963693198504,1116.43889208029,986.927038804803,986.927038804803,2.1100177006035965,2.1100177006035965,2.1100177006035965,2.1100177006035965,2.1100177006035965,2.1100177006035965,0.0,0.0,0.0,989.0370565054067
104,2022-01-19,985.4937922957184,860.646573849134,1116.1056957841345,985.4937922957184,985.4937922957184,6.373394216079807,6.373394216079807,6.373394216079807,6.373394216079807,6.373394216079807,6.373394216079807,0.0,0.0,0.0,991.8671865117982
105,2022-01-20,984.0605457865001,859.9393579093705,1110.3562951799993,984.0605457865001,984.0605457865001,-0.15582663018024007,-0.15582663018024007,-0.15582663018024007,-0.15582663018024007,-0.15582663018024007,-0.15582663018024007,0.0,0.0,0.0,983.9047191563199
106,2022-01-21,982.6272992772818,840.0353418979194,1104.4916529320615,982.6272992772818,982.6272992772818,-4.2870813302955915,-4.2870813302955915,-4.2870813302955915,-4.2870813302955915,-4.2870813302955915,-4.2870813302955915,0.0,0.0,0.0,978.3402179469863
107,2022-01-24,978.3275597496266,865.8344267562994,1114.7780583644044,978.3275597496266,978.3275597496266,12.615035359635467,12.615035359635467,12.615035359635467,12.615035359635467,12.615035359635467,12.615035359635467,0.0,0.0,0.0,990.9425951092621
108,2022-01-25,976.8943132404081,850.9347436371642,1105.2503348785444,976.8943132404081,976.8943132404081,2.1100177006128455,2.1100177006128455,2.1100177006128455,2.1100177006128455,2.1100177006128455,2.1100177006128455,0.0,0.0,0.0,979.004330941021
109,2022-01-26,975.4610667311898,862.9047704582684,1108.0476034467433,975.4610667311898,975.4610667311898,6.373394216072508,6.373394216072508,6.373394216072508,6.373394216072508,6.373394216072508,6.373394216072508,0.0,0.0,0.0,981.8344609472623
110,2022-01-27,974.0278202219714,847.5751006779507,1099.4563442385731,974.0278202219714,974.0278202219714,-0.15582663017349244,-0.15582663017349244,-0.15582663017349244,-0.15582663017349244,-0.15582663017349244,-0.15582663017349244,0.0,0.0,0.0,973.871993591798
111,2022-01-28,972.5945737127531,839.2541412810559,1097.5495228265515,972.5945737127531,972.5945737127531,-4.287081330310951,-4.287081330310951,-4.287081330310951,-4.287081330310951,-4.287081330310951,-4.287081330310951,0.0,0.0,0.0,968.3074923824422
112,2022-01-31,968.2948341850979,848.2207560102871,1111.004223789817,968.2948341850979,968.2948341850979,12.615035359641654,12.615035359641654,12.615035359641654,12.615035359641654,12.615035359641654,12.615035359641654,0.0,0.0,0.0,980.9098695447395
113,2022-02-01,966.8615876604405,843.2196040560215,1092.4661167839497,966.8615876604405,966.8615876604405,2.110017700600649,2.110017700600649,2.110017700600649,2.110017700600649,2.110017700600649,2.110017700600649,0.0,0.0,0.0,968.9716053610412
114,2022-02-02,965.4283411357833,838.0825218816614,1100.9597865425276,965.4283411357833,965.4283411357833,6.373394216090637,6.373394216090637,6.373394216090637,6.373394216090637,6.373394216090637,6.373394216090637,0.0,0.0,0.0,971.801735351874
115,2022-02-03,963.9950946111259,829.6639511047373,1090.8078264860533,963.9950946111259,963.9950946111259,-0.1558266301667448,-0.1558266301667448,-0.1558266301667448,-0.1558266301667448,-0.1558266301667448,-0.1558266301667448,0.0,0.0,0.0,963.8392679809591
116,2022-02-04,962.5618480864687,832.3496441763237,1093.6741061213525,962.5618480864687,962.5618480864687,-4.2870813302513175,-4.2870813302513175,-4.2870813302513175,-4.2870813302513175,-4.2870813302513175,-4.2870813302513175,0.0,0.0,0.0,958.2747667562173
117,2022-02-07,958.2621085124965,844.0553941770401,1101.3077239734348,958.2621085124965,958.2621085124965,12.615035359647841,12.615035359647841,12.615035359647841,12.615035359647841,12.615035359647841,12.615035359647841,0.0,0.0,0.0,970.8771438721444
118,2022-02-08,956.8288619878393,837.511302533537,1086.6507855948994,956.8288619878393,956.8288619878393,2.1100177005991756,2.1100177005991756,2.1100177005991756,2.1100177005991756,2.1100177005991756,2.1100177005991756,0.0,0.0,0.0,958.9388796884385
119,2022-02-09,955.3956154631819,840.6011124366637,1092.4630096488895,955.3956154631819,955.3956154631819,6.3733942160579105,6.3733942160579105,6.3733942160579105,6.3733942160579105,6.3733942160579105,6.3733942160579105,0.0,0.0,0.0,961.7690096792398
120,2022-02-10,953.9623689385246,818.4110408192752,1084.8709125906225,953.9623689385246,953.9623689385246,-0.1558266301882553,-0.1558266301882553,-0.1558266301882553,-0.1558266301882553,-0.1558266301882553,-0.1558266301882553,0.0,0.0,0.0,953.8065423083364
121,2022-02-11,952.5291224054915,820.7385226854094,1075.360539735682,952.5291224054915,952.5291224054915,-4.28708133030449,-4.28708133030449,-4.28708133030449,-4.28708133030449,-4.28708133030449,-4.28708133030449,0.0,0.0,0.0,948.242041075187
122,2022-02-14,948.2293828063923,838.4858541688162,1085.6566580862361,948.2293828063923,948.2293828063923,12.61503535965403,12.61503535965403,12.61503535965403,12.61503535965403,12.61503535965403,12.61503535965403,0.0,0.0,0.0,960.8444181660464
123,2022-02-15,946.7961362733591,829.7100474754752,1076.009328454643,946.7961362733591,946.7961362733591,2.1100177006192586,2.1100177006192586,2.1100177006192586,2.1100177006192586,2.1100177006192586,2.1100177006192586,0.0,0.0,0.0,948.9061539739783
124,2022-02-16,945.3628897403261,826.1288795593583,1075.0176174584067,945.3628897403261,945.3628897403261,6.373394216076041,6.373394216076041,6.373394216076041,6.373394216076041,6.373394216076041,6.373394216076041,0.0,0.0,0.0,951.7362839564021
125,2022-02-17,943.9296432072929,821.886955798584,1070.1436620189857,943.9296432072929,943.9296432072929,-0.15582663018150741,-0.15582663018150741,-0.15582663018150741,-0.15582663018150741,-0.15582663018150741,-0.15582663018150741,0.0,0.0,0.0,943.7738165771113
126,2022-02-18,942.4963966742599,807.1965932696925,1056.4492775562187,942.4963966742599,942.4963966742599,-4.287081330282034,-4.287081330282034,-4.287081330282034,-4.287081330282034,-4.287081330282034,-4.287081330282034,0.0,0.0,0.0,938.2093153439779
127,2022-02-22,936.7634105421275,816.1077704649833,1062.1240199656393,936.7634105421275,936.7634105421275,2.1100177006177856,2.1100177006177856,2.1100177006177856,2.1100177006177856,2.1100177006177856,2.1100177006177856,0.0,0.0,0.0,938.8734282427453
128,2022-02-23,935.3301640090945,818.1444713500412,1065.3446610228198,935.3301640090945,935.3301640090945,6.37339421609417,6.37339421609417,6.37339421609417,6.37339421609417,6.37339421609417,6.37339421609417,0.0,0.0,0.0,941.7035582251887
129,2022-02-24,933.8969174668858,803.0663230053294,1054.2832344345995,933.8969174668858,933.8969174668858,-0.15582663017475978,-0.15582663017475978,-0.15582663017475978,-0.15582663017475978,-0.15582663017475978,-0.15582663017475978,0.0,0.0,0.0,933.7410908367111
130,2022-02-25,932.4636709246773,807.9570998280498,1059.6918936613665,932.4636709246773,932.4636709246773,-4.287081330297393,-4.287081330297393,-4.287081330297393,-4.287081330297393,-4.287081330297393,-4.287081330297393,0.0,0.0,0.0,928.17658959438
131,2022-02-28,928.1639312980517,811.4569330226847,1066.181385270048,928.1639312980517,928.1639312980517,12.615035359666408,12.615035359666408,12.615035359666408,12.615035359666408,12.615035359666408,12.615035359666408,0.0,0.0,0.0,940.7789666577181
132,2022-03-01,926.7306847558432,797.4246362967303,1059.8348672926852,926.7306847558432,926.7306847558432,2.1100177006055914,2.1100177006055914,2.1100177006055914,2.1100177006055914,2.1100177006055914,2.1100177006055914,0.0,0.0,0.0,928.8407024564488
133,2022-03-02,925.2974382136347,797.7631069338648,1055.4243671920428,925.2974382136347,925.2974382136347,6.373394216061444,6.373394216061444,6.373394216061444,6.373394216061444,6.373394216061444,6.373394216061444,0.0,0.0,0.0,931.6708324296961
134,2022-03-03,923.864191671426,806.734638715367,1044.7253869941123,923.864191671426,923.864191671426,-0.15582663016117385,-0.15582663016117385,-0.15582663016117385,-0.15582663016117385,-0.15582663016117385,-0.15582663016117385,0.0,0.0,0.0,923.7083650412649
135,2022-03-04,922.4309451292175,796.7759569123008,1045.3596013610845,922.4309451292175,922.4309451292175,-4.287081330312751,-4.287081330312751,-4.287081330312751,-4.287081330312751,-4.287081330312751,-4.287081330312751,0.0,0.0,0.0,918.1438637989048
136,2022-03-07,918.1312055025919,793.8866927629439,1053.6734230926297,918.1312055025919,918.1312055025919,12.61503535966649,12.61503535966649,12.61503535966649,12.61503535966649,12.61503535966649,12.61503535966649,0.0,0.0,0.0,930.7462408622584
137,2022-03-08,916.6979589521337,790.6404778152145,1047.652198777561,916.6979589521337,916.6979589521337,2.110017700604117,2.110017700604117,2.110017700604117,2.110017700604117,2.110017700604117,2.110017700604117,0.0,0.0,0.0,918.8079766527378
138,2022-03-09,915.2647124016754,798.7918293778686,1045.8412740167246,915.2647124016754,915.2647124016754,6.373394216087889,6.373394216087889,6.373394216087889,6.373394216087889,6.373394216087889,6.373394216087889,0.0,0.0,0.0,921.6381066177634
139,2022-03-10,913.8314658512171,778.94855959925,1040.20350970828,913.8314658512171,913.8314658512171,-0.15582663018952264,-0.15582663018952264,-0.15582663018952264,-0.15582663018952264,-0.15582663018952264,-0.15582663018952264,0.0,0.0,0.0,913.6756392210276
140,2022-03-11,912.3982193007589,795.8570982704608,1026.2216856292437,912.3982193007589,912.3982193007589,-4.287081330328109,-4.287081330328109,-4.287081330328109,-4.287081330328109,-4.287081330328109,-4.287081330328109,0.0,0.0,0.0,908.1111379704308
141,2022-03-14,908.098479649384,799.1876031870285,1047.6504925218119,908.098479649384,908.098479649384,12.615035359646255,12.615035359646255,12.615035359646255,12.615035359646255,12.615035359646255,12.615035359646255,0.0,0.0,0.0,920.7135150090303
142,2022-03-15,906.6652330989258,782.3625015220279,1030.8265396279546,906.6652330989258,906.6652330989258,2.1100177006026426,2.1100177006026426,2.1100177006026426,2.1100177006026426,2.1100177006026426,2.1100177006026426,0.0,0.0,0.0,908.7752507995284
143,2022-03-16,905.2319865484676,795.3311738100618,1042.2539722239076,905.2319865484676,905.2319865484676,6.373394216080591,6.373394216080591,6.373394216080591,6.373394216080591,6.373394216080591,6.373394216080591,0.0,0.0,0.0,911.6053807645482
144,2022-03-17,903.7987399980092,775.3831762920614,1026.524349222957,903.7987399980092,903.7987399980092,-0.15582663014767859,-0.15582663014767859,-0.15582663014767859,-0.15582663014767859,-0.15582663014767859,-0.15582663014767859,0.0,0.0,0.0,903.6429133678615
145,2022-03-18,902.3654934801287,763.409464046402,1031.1387292631994,902.3654934801287,902.3654934801287,-4.287081330305654,-4.287081330305654,-4.287081330305654,-4.287081330305654,-4.287081330305654,-4.287081330305654,0.0,0.0,0.0,898.0784121498231
146,2022-03-21,898.0657539264874,785.0721684808393,1028.69051000865,898.0657539264874,898.0657539264874,12.615035359652442,12.615035359652442,12.615035359652442,12.615035359652442,12.615035359652442,12.615035359652442,0.0,0.0,0.0,910.6807892861399
147,2022-03-22,896.6325074086071,778.3818686283327,1028.4113004600965,896.6325074086071,896.6325074086071,2.1100177006011704,2.1100177006011704,2.1100177006011704,2.1100177006011704,2.1100177006011704,2.1100177006011704,0.0,0.0,0.0,898.7425251092083
148,2022-03-23,895.1992608907268,774.9896574907932,1035.2154255128212,895.1992608907268,895.1992608907268,6.37339421609872,6.37339421609872,6.37339421609872,6.37339421609872,6.37339421609872,6.37339421609872,0.0,0.0,0.0,901.5726551068256
149,2022-03-24,893.7660143728464,767.9161677439932,1019.3490472844522,893.7660143728464,893.7660143728464,-0.1558266301760271,-0.1558266301760271,-0.1558266301760271,-0.1558266301760271,-0.1558266301760271,-0.1558266301760271,0.0,0.0,0.0,893.6101877426703
150,2022-03-25,892.3327678549658,759.148188525788,1015.8163062594384,892.3327678549658,892.3327678549658,-4.2870813302838355,-4.2870813302838355,-4.2870813302838355,-4.2870813302838355,-4.2870813302838355,-4.2870813302838355,0.0,0.0,0.0,888.045686524682
151,2022-03-28,888.0330283013247,770.9374426038775,1031.4208391078726,888.0330283013247,888.0330283013247,12.615035359658629,12.615035359658629,12.615035359658629,12.615035359658629,12.615035359658629,12.615035359658629,0.0,0.0,0.0,900.6480636609833
152,2022-03-29,886.5997817834443,759.8307960015844,1014.8145011488617,886.5997817834443,886.5997817834443,2.110017700588974,2.110017700588974,2.110017700588974,2.110017700588974,2.110017700588974,2.110017700588974,0.0,0.0,0.0,888.7097994840333
153,2022-03-30,885.1665284820632,762.0768274310637,1022.4952897089113,885.1665284820632,885.1665284820632,6.37339421607431,6.37339421607431,6.37339421607431,6.37339421607431,6.37339421607431,6.37339421607431,0.0,0.0,0.0,891.5399226981375
154,2022-03-31,883.7332751806822,763.7811438764214,1003.1584894201205,883.7332751806822,883.7332751806822,-0.1558266302043759,-0.1558266302043759,-0.1558266302043759,-0.1558266302043759,-0.1558266302043759,-0.1558266302043759,0.0,0.0,0.0,883.5774485504778
155,2022-04-01,882.3000218793012,750.7104770148833,997.8954236067813,882.3000218793012,882.3000218793012,-4.287081330299194,-4.287081330299194,-4.287081330299194,-4.287081330299194,-4.287081330299194,-4.287081330299194,0.0,0.0,0.0,878.012940549002
156,2022-04-04,878.0002619751582,770.0211813810462,1014.7958195241941,878.0002619751582,878.0002619751582,12.61503535965871,12.61503535965871,12.61503535965871,12.61503535965871,12.61503535965871,12.61503535965871,0.0,0.0,0.0,890.6152973348169
157,2022-04-05,876.5670086737773,748.1415511551229,1003.049013841511,876.5670086737773,876.5670086737773,2.1100177006197804,2.1100177006197804,2.1100177006197804,2.1100177006197804,2.1100177006197804,2.1100177006197804,0.0,0.0,0.0,878.6770263743971
158,2022-04-06,875.1337553723962,760.8441837344888,1007.8080008197234,875.1337553723962,875.1337553723962,6.37339421609244,6.37339421609244,6.37339421609244,6.37339421609244,6.37339421609244,6.37339421609244,0.0,0.0,0.0,881.5071495884887
159,2022-04-07,873.7005020710152,746.8650563518606,999.1910348100953,873.7005020710152,873.7005020710152,-0.15582663016253212,-0.15582663016253212,-0.15582663016253212,-0.15582663016253212,-0.15582663016253212,-0.15582663016253212,0.0,0.0,0.0,873.5446754408526
160,2022-04-08,872.2672487696341,744.1245824103697,996.9713615638565,872.2672487696341,872.2672487696341,-4.287081330314551,-4.287081330314551,-4.287081330314551,-4.287081330314551,-4.287081330314551,-4.287081330314551,0.0,0.0,0.0,867.9801674393195
161,2022-04-11,867.9674486576025,750.2096159758104,1004.7830374487613,867.9674486576025,867.9674486576025,12.61503535965879,12.61503535965879,12.61503535965879,12.61503535965879,12.61503535965879,12.61503535965879,0.0,0.0,0.0,880.5824840172613
162,2022-04-12,866.534181953592,744.1943986496973,995.2940918450355,866.534181953592,866.534181953592,2.110017700607584,2.110017700607584,2.110017700607584,2.110017700607584,2.110017700607584,2.110017700607584,0.0,0.0,0.0,868.6441996541996
163,2022-04-13,865.1009152495815,742.2440095987207,995.0169218978328,865.1009152495815,865.1009152495815,6.373394216085141,6.373394216085141,6.373394216085141,6.373394216085141,6.373394216085141,6.373394216085141,0.0,0.0,0.0,871.4743094656666
164,2022-04-14,863.667648545571,733.4053203880452,987.1271700533628,863.667648545571,863.667648545571,-0.15582663019088036,-0.15582663019088036,-0.15582663019088036,-0.15582663019088036,-0.15582663019088036,-0.15582663019088036,0.0,0.0,0.0,863.5118219153801
165,2022-04-18,857.934581729529,735.6745675083198,991.9782289868015,857.934581729529,857.934581729529,12.615035359671085,12.615035359671085,12.615035359671085,12.615035359671085,12.615035359671085,12.615035359671085,0.0,0.0,0.0,870.5496170892001
166,2022-04-19,856.5013150255185,725.6580072460573,982.4163544113286,856.5013150255185,856.5013150255185,2.110017700606112,2.110017700606112,2.110017700606112,2.110017700606112,2.110017700606112,2.110017700606112,0.0,0.0,0.0,858.6113327261246
167,2022-04-20,855.068048321508,736.0176162731976,996.3436672758004,855.068048321508,855.068048321508,6.373394216077843,6.373394216077843,6.373394216077843,6.373394216077843,6.373394216077843,6.373394216077843,0.0,0.0,0.0,861.4414425375858
168,2022-04-21,853.6347816174974,726.838543963572,970.4406925041543,853.6347816174974,853.6347816174974,-0.15582663017729445,-0.15582663017729445,-0.15582663017729445,-0.15582663017729445,-0.15582663017729445,-0.15582663017729445,0.0,0.0,0.0,853.4789549873201
169,2022-04-22,852.2015149296653,722.9342312926078,977.960085725558,852.2015149296653,852.2015149296653,-4.287081330308092,-4.287081330308092,-4.287081330308092,-4.287081330308092,-4.287081330308092,-4.287081330308092,0.0,0.0,0.0,847.9144335993573
170,2022-04-25,847.901714866169,742.4255812624436,978.7215885127878,847.901714866169,847.901714866169,12.615035359671166,12.615035359671166,12.615035359671166,12.615035359671166,12.615035359671166,12.615035359671166,0.0,0.0,0.0,860.5167502258402
171,2022-04-26,846.4684481783368,714.7644027278094,969.5518123652473,846.4684481783368,846.4684481783368,2.110017700626195,2.110017700626195,2.110017700626195,2.110017700626195,2.110017700626195,2.110017700626195,0.0,0.0,0.0,848.5784658789629
172,2022-04-27,845.0351814905047,724.9768207857171,981.9627398701701,845.0351814905047,845.0351814905047,6.373394216070545,6.373394216070545,6.373394216070545,6.373394216070545,6.373394216070545,6.373394216070545,0.0,0.0,0.0,851.4085757065752
173,2022-04-28,843.6019148026725,713.6279319325067,971.5854436324165,843.6019148026725,843.6019148026725,-0.15582663020564325,-0.15582663020564325,-0.15582663020564325,-0.15582663020564325,-0.15582663020564325,-0.15582663020564325,0.0,0.0,0.0,843.4460881724668
174,2022-04-29,842.1686481148404,700.8027448161326,967.0364163156498,842.1686481148404,842.1686481148404,-4.287081330285636,-4.287081330285636,-4.287081330285636,-4.287081330285636,-4.287081330285636,-4.287081330285636,0.0,0.0,0.0,837.8815667845547
175,2022-05-02,837.8688480513441,730.2957292036286,973.335579202371,837.8688480513441,837.8688480513441,12.615035359650932,12.615035359650932,12.615035359650932,12.615035359650932,12.615035359650932,12.615035359650932,0.0,0.0,0.0,850.4838834109951
176,2022-05-03,836.4355813635119,705.1925062454706,958.3122666525647,836.4355813635119,836.4355813635119,2.110017700624722,2.110017700624722,2.110017700624722,2.110017700624722,2.110017700624722,2.110017700624722,0.0,0.0,0.0,838.5455990641366
177,2022-05-04,835.0023146429937,712.9823558685632,968.2582372639293,835.0023146429937,835.0023146429937,6.373394216088673,6.373394216088673,6.373394216088673,6.373394216088673,6.373394216088673,6.373394216088673,0.0,0.0,0.0,841.3757088590824
178,2022-05-05,833.5690479224754,704.346910109436,952.5460708135853,833.5690479224754,833.5690479224754,-0.15582663016379944,-0.15582663016379944,-0.15582663016379944,-0.15582663016379944,-0.15582663016379944,-0.15582663016379944,0.0,0.0,0.0,833.4132212923116
179,2022-05-06,832.1357812019571,702.6617292187514,953.2614814327159,832.1357812019571,832.1357812019571,-4.28708133026318,-4.28708133026318,-4.28708133026318,-4.28708133026318,-4.28708133026318,-4.28708133026318,0.0,0.0,0.0,827.848699871694
180,2022-05-09,827.8359810404027,711.7127889933192,968.848074173883,827.8359810404027,827.8359810404027,12.615035359657119,12.615035359657119,12.615035359657119,12.615035359657119,12.615035359657119,12.615035359657119,0.0,0.0,0.0,840.4510164000598
181,2022-05-10,826.4027143198845,698.0095064707775,965.2203825850473,826.4027143198845,826.4027143198845,2.1100177006125254,2.1100177006125254,2.1100177006125254,2.1100177006125254,2.1100177006125254,2.1100177006125254,0.0,0.0,0.0,828.512732020497
182,2022-05-11,824.9694475993662,705.6189952028134,955.7839257125943,824.9694475993662,824.9694475993662,6.3733942160559485,6.3733942160559485,6.3733942160559485,6.3733942160559485,6.3733942160559485,6.3733942160559485,0.0,0.0,0.0,831.3428418154222
183,2022-05-12,823.536180878848,701.873938767988,953.8274816549105,823.536180878848,823.536180878848,-0.1558266301921477,-0.1558266301921477,-0.1558266301921477,-0.1558266301921477,-0.1558266301921477,-0.1558266301921477,0.0,0.0,0.0,823.3803542486559
184,2022-05-13,822.1029141583299,705.0601524434023,947.4221570428524,822.1029141583299,822.1029141583299,-4.287081330316353,-4.287081330316353,-4.287081330316353,-4.287081330316353,-4.287081330316353,-4.287081330316353,0.0,0.0,0.0,817.8158328280135
185,2022-05-16,817.8031139831537,702.7105451528788,965.3585296096924,817.8031139831537,817.8031139831537,12.615035359663306,12.615035359663306,12.615035359663306,12.615035359663306,12.615035359663306,12.615035359663306,0.0,0.0,0.0,830.4181493428171
186,2022-05-17,816.3698472580951,691.1567183990404,947.7526090998178,816.3698472580951,816.3698472580951,2.110017700600331,2.110017700600331,2.110017700600331,2.110017700600331,2.110017700600331,2.110017700600331,0.0,0.0,0.0,818.4798649586954
187,2022-05-18,814.9365805330364,694.0712342496481,942.5076405845725,814.9365805330364,814.9365805330364,6.373394216082393,6.373394216082393,6.373394216082393,6.373394216082393,6.373394216082393,6.373394216082393,0.0,0.0,0.0,821.3099747491187
188,2022-05-19,813.5033138079775,687.8182574957438,944.4347144364042,813.5033138079775,813.5033138079775,-0.15582663018540008,-0.15582663018540008,-0.15582663018540008,-0.15582663018540008,-0.15582663018540008,-0.15582663018540008,0.0,0.0,0.0,813.3474871777921
189,2022-05-20,812.0700470829189,677.464946990429,925.9802656838461,812.0700470829189,812.0700470829189,-4.287081330293897,-4.287081330293897,-4.287081330293897,-4.287081330293897,-4.287081330293897,-4.287081330293897,0.0,0.0,0.0,807.782965752625
190,2022-05-23,807.770246907743,690.0894136434468,952.258897575767,807.770246907743,807.770246907743,12.615035359636966,12.615035359636966,12.615035359636966,12.615035359636966,12.615035359636966,12.615035359636966,0.0,0.0,0.0,820.3852822673799
191,2022-05-24,806.3369801826842,687.7864766227842,931.0413926714967,806.3369801826842,806.3369801826842,2.110017700609579,2.110017700609579,2.110017700609579,2.110017700609579,2.110017700609579,2.110017700609579,0.0,0.0,0.0,808.4469978832938
192,2022-05-25,804.9037134576256,687.623483566831,932.3006787013102,804.9037134576256,804.9037134576256,6.373394216075096,6.373394216075096,6.373394216075096,6.373394216075096,6.373394216075096,6.373394216075096,0.0,0.0,0.0,811.2771076737007
193,2022-05-26,803.75958116728,697.2529444022291,937.200537308582,803.75958116728,803.75958116728,-0.15582663017181414,-0.15582663017181414,-0.15582663017181414,-0.15582663017181414,-0.15582663017181414,-0.15582663017181414,0.0,0.0,0.0,803.6037545371082
194,2022-05-27,802.6154488769344,673.2628913137225,918.633841473599,802.6154488769344,802.6154488769344,-4.287081330309255,-4.287081330309255,-4.287081330309255,-4.287081330309255,-4.287081330309255,-4.287081330309255,0.0,0.0,0.0,798.3283675466251
195,2022-05-31,798.038919715552,676.474331362127,927.8125898196042,798.038919715552,798.038919715552,2.1100177005973837,2.1100177005973837,2.1100177005973837,2.1100177005973837,2.1100177005973837,2.1100177005973837,0.0,0.0,0.0,800.1489374161494
196,2022-06-01,796.8947874252062,680.7125873450015,933.6397924625264,796.8947874252062,796.8947874252062,6.373394216093224,6.373394216093224,6.373394216093224,6.373394216093224,6.373394216093224,6.373394216093224,0.0,0.0,0.0,803.2681816412994
197,2022-06-02,795.7506551348606,683.0594267330883,920.2083676380073,795.7506551348606,795.7506551348606,-0.1558266301650668,-0.1558266301650668,-0.1558266301650668,-0.1558266301650668,-0.1558266301650668,-0.1558266301650668,0.0,0.0,0.0,795.5948285046956
198,2022-06-03,794.606522844515,676.319880163064,920.8454487909003,794.606522844515,794.606522844515,-4.287081330249623,-4.287081330249623,-4.287081330249623,-4.287081330249623,-4.287081330249623,-4.287081330249623,0.0,0.0,0.0,790.3194415142653
199,2022-06-06,791.174125973478,683.9719759433773,932.1662292621058,791.174125973478,791.174125973478,12.61503535964934,12.61503535964934,12.61503535964934,12.61503535964934,12.61503535964934,12.61503535964934,0.0,0.0,0.0,803.7891613331274
200,2022-06-07,790.0299936831324,672.0629542247437,912.2490284856394,790.0299936831324,790.0299936831324,2.1100177005959115,2.1100177005959115,2.1100177005959115,2.1100177005959115,2.1100177005959115,2.1100177005959115,0.0,0.0,0.0,792.1400113837283
201,2022-06-08,789.9847769694228,663.6043465330674,933.710726641711,789.9847769694228,789.9847769694228,6.373394216060499,6.373394216060499,6.373394216060499,6.373394216060499,6.373394216060499,6.373394216060499,0.0,0.0,0.0,796.3581711854833
202,2022-06-09,789.9395602557131,665.203309364106,918.5356981725262,789.9395602557131,789.9395602557131,-0.15582663019341503,-0.15582663019341503,-0.15582663019341503,-0.15582663019341503,-0.15582663019341503,-0.15582663019341503,0.0,0.0,0.0,789.7837336255197
203,2022-06-10,789.8943435420035,656.4679653210915,915.7738335124889,789.8943435420035,789.8943435420035,-4.2870813303027955,-4.2870813303027955,-4.2870813303027955,-4.2870813303027955,-4.2870813303027955,-4.2870813303027955,0.0,0.0,0.0,785.6072622117007
204,2022-06-13,789.7586934008748,675.520206641543,922.9775929592664,789.7586934008748,789.7586934008748,12.615035359655531,12.615035359655531,12.615035359655531,12.615035359655531,12.615035359655531,12.615035359655531,0.0,0.0,0.0,802.3737287605303
205,2022-06-14,789.7134766871651,664.477761633622,909.8573144541922,789.7134766871651,789.7134766871651,2.1100177006159946,2.1100177006159946,2.1100177006159946,2.1100177006159946,2.1100177006159946,2.1100177006159946,0.0,0.0,0.0,791.8234943877811
206,2022-06-15,789.6682599734555,669.8480268067824,921.2578997766628,789.6682599734555,789.6682599734555,6.373394216078628,6.373394216078628,6.373394216078628,6.373394216078628,6.373394216078628,6.373394216078628,0.0,0.0,0.0,796.0416541895341
207,2022-06-16,789.6230432597458,657.2231368379728,923.708214741772,789.6230432597458,789.6230432597458,-0.15582663015157125,-0.15582663015157125,-0.15582663015157125,-0.15582663015157125,-0.15582663015157125,-0.15582663015157125,0.0,0.0,0.0,789.4672166295943
208,2022-06-17,789.5778265460362,664.2030937917185,914.3079120355501,789.5778265460362,789.5778265460362,-4.28708133028034,-4.28708133028034,-4.28708133028034,-4.28708133028034,-4.28708133028034,-4.28708133028034,0.0,0.0,0.0,785.2907452157559
209,2022-06-21,789.3969596911977,660.3372081402329,904.6061065626511,789.3969596911977,789.3969596911977,2.1100177006145224,2.1100177006145224,2.1100177006145224,2.1100177006145224,2.1100177006145224,2.1100177006145224,0.0,0.0,0.0,791.5069773918123
210,2022-06-22,789.351742977488,667.113705826709,918.0900168258797,789.351742977488,789.351742977488,6.373394216105073,6.373394216105073,6.373394216105073,6.373394216105073,6.373394216105073,6.373394216105073,0.0,0.0,0.0,795.7251371935931
211,2022-06-23,789.3065262637783,658.0340176500458,919.9345314207112,789.3065262637783,789.3065262637783,-0.15582663017991977,-0.15582663017991977,-0.15582663017991977,-0.15582663017991977,-0.15582663017991977,-0.15582663017991977,0.0,0.0,0.0,789.1506996335984
212,2022-06-24,789.2613095500687,659.6834374576825,913.5897081446,789.2613095500687,789.2613095500687,-4.287081330295698,-4.287081330295698,-4.287081330295698,-4.287081330295698,-4.287081330295698,-4.287081330295698,0.0,0.0,0.0,784.9742282197731
213,2022-06-27,789.1256594089398,674.9801966189424,923.4777546458917,789.1256594089398,789.1256594089398,12.615035359667905,12.615035359667905,12.615035359667905,12.615035359667905,12.615035359667905,12.615035359667905,0.0,0.0,0.0,801.7406947686077
214,2022-06-28,789.0804426952302,677.3726716643159,922.9756392788817,789.0804426952302,789.0804426952302,2.1100177006023246,2.1100177006023246,2.1100177006023246,2.1100177006023246,2.1100177006023246,2.1100177006023246,0.0,0.0,0.0,791.1904603958325
215,2022-06-29,789.0352259815205,666.4812199975222,916.5600879392445,789.0352259815205,789.0352259815205,6.373394216072348,6.373394216072348,6.373394216072348,6.373394216072348,6.373394216072348,6.373394216072348,0.0,0.0,0.0,795.4086201975929
216,2022-06-30,788.990009267811,666.0227844877696,915.7119002609572,788.990009267811,788.990009267811,-0.1558266301663341,-0.1558266301663341,-0.1558266301663341,-0.1558266301663341,-0.1558266301663341,-0.1558266301663341,0.0,0.0,0.0,788.8341826376447
217,2022-07-01,788.9447925541015,653.238468322374,911.3896509525533,788.9447925541015,788.9447925541015,-4.287081330311056,-4.287081330311056,-4.287081330311056,-4.287081330311056,-4.287081330311056,-4.287081330311056,0.0,0.0,0.0,784.6577112237904
218,2022-07-05,788.7639256992629,662.2059454528456,914.009936981014,788.7639256992629,788.7639256992629,2.1100177006115737,2.1100177006115737,2.1100177006115737,2.1100177006115737,2.1100177006115737,2.1100177006115737,0.0,0.0,0.0,790.8739433998745
219,2022-07-06,788.7187089855532,670.1787925548568,920.8166329323276,788.7187089855532,788.7187089855532,6.3733942160904755,6.3733942160904755,6.3733942160904755,6.3733942160904755,6.3733942160904755,6.3733942160904755,0.0,0.0,0.0,795.0921032016437
220,2022-07-07,788.6734922718437,667.6848890617895,908.3866751205907,788.6734922718437,788.6734922718437,-0.15582663019468238,-0.15582663019468238,-0.15582663019468238,-0.15582663019468238,-0.15582663019468238,-0.15582663019468238,0.0,0.0,0.0,788.5176656416489
221,2022-07-08,788.628275558134,661.7086839137136,913.8004357311439,788.628275558134,788.628275558134,-4.287081330326413,-4.287081330326413,-4.287081330326413,-4.287081330326413,-4.287081330326413,-4.287081330326413,0.0,0.0,0.0,784.3411942278076
222,2022-07-11,788.492625417005,675.4720560500664,929.8913562368704,788.492625417005,788.492625417005,12.615035359647752,12.615035359647752,12.615035359647752,12.615035359647752,12.615035359647752,12.615035359647752,0.0,0.0,0.0,801.1076607766528
223,2022-07-12,788.4474087032954,669.9915273322548,920.2931307437451,788.4474087032954,788.4474087032954,2.1100177005993785,2.1100177005993785,2.1100177005993785,2.1100177005993785,2.1100177005993785,2.1100177005993785,0.0,0.0,0.0,790.5574264038949
224,2022-07-13,788.4021919895857,664.0175773219314,921.0641484206973,788.4021919895857,788.4021919895857,6.373394216083178,6.373394216083178,6.373394216083178,6.373394216083178,6.373394216083178,6.373394216083178,0.0,0.0,0.0,794.7755862056689
225,2022-07-14,788.3569752758762,664.673169243631,906.3937859558592,788.3569752758762,788.3569752758762,-0.15582663015283857,-0.15582663015283857,-0.15582663015283857,-0.15582663015283857,-0.15582663015283857,-0.15582663015283857,0.0,0.0,0.0,788.2011486457233
226,2022-07-15,788.3117585621665,653.4283933263166,919.1262467979079,788.3117585621665,788.3117585621665,-4.287081330303959,-4.287081330303959,-4.287081330303959,-4.287081330303959,-4.287081330303959,-4.287081330303959,0.0,0.0,0.0,784.0246772318625
227,2022-07-18,788.1761084210377,678.4569588631592,928.2324193782806,788.1761084210377,788.1761084210377,12.61503535965394,12.61503535965394,12.61503535965394,12.61503535965394,12.61503535965394,12.61503535965394,0.0,0.0,0.0,800.7911437806916
228,2022-07-19,788.1308917073281,672.6146872220233,918.7519571601866,788.1308917073281,788.1308917073281,2.1100177006194625,2.1100177006194625,2.1100177006194625,2.1100177006194625,2.1100177006194625,2.1100177006194625,0.0,0.0,0.0,790.2409094079476
229,2022-07-20,788.0856749936185,671.5770212831533,924.2265897378056,788.0856749936185,788.0856749936185,6.37339421607588,6.37339421607588,6.37339421607588,6.37339421607588,6.37339421607588,6.37339421607588,0.0,0.0,0.0,794.4590692096943
230,2022-07-21,788.0404582799089,649.499624067856,914.743338651841,788.0404582799089,788.0404582799089,-0.15582663018118711,-0.15582663018118711,-0.15582663018118711,-0.15582663018118711,-0.15582663018118711,-0.15582663018118711,0.0,0.0,0.0,787.8846316497277
231,2022-07-22,787.9952415661992,655.4618918393646,909.5379240186008,787.9952415661992,787.9952415661992,-4.287081330319954,-4.287081330319954,-4.287081330319954,-4.287081330319954,-4.287081330319954,-4.287081330319954,0.0,0.0,0.0,783.7081602358792
232,2022-07-25,787.8595914250703,674.6237058184195,923.4499628933559,787.8595914250703,787.8595914250703,12.615035359660126,12.615035359660126,12.615035359660126,12.615035359660126,12.615035359660126,12.615035359660126,0.0,0.0,0.0,800.4746267847305
233,2022-07-26,787.8143747113606,661.931035744091,918.6577759790177,787.8143747113606,787.8143747113606,2.1100177006072673,2.1100177006072673,2.1100177006072673,2.1100177006072673,2.1100177006072673,2.1100177006072673,0.0,0.0,0.0,789.9243924119679
234,2022-07-27,787.7691579976511,665.9186242751958,917.3461466270942,787.7691579976511,787.7691579976511,6.373394216076897,6.373394216076897,6.373394216076897,6.373394216076897,6.373394216076897,6.373394216076897,0.0,0.0,0.0,794.142552213728
235,2022-07-28,787.7239412839414,655.3130703713621,910.3194612530954,787.7239412839414,787.7239412839414,-0.15582663020953563,-0.15582663020953563,-0.15582663020953563,-0.15582663020953563,-0.15582663020953563,-0.15582663020953563,0.0,0.0,0.0,787.5681146537319
236,2022-07-29,787.6787245702318,654.5468677391594,903.1112395749541,787.6787245702318,787.6787245702318,-4.287081330297498,-4.287081330297498,-4.287081330297498,-4.287081330297498,-4.287081330297498,-4.287081330297498,0.0,0.0,0.0,783.3916432399343
237,2022-08-01,787.5430744291028,677.4548650358997,926.8264785143557,787.5430744291028,787.5430744291028,12.615035359660208,12.615035359660208,12.615035359660208,12.615035359660208,12.615035359660208,12.615035359660208,0.0,0.0,0.0,800.158109788763
238,2022-08-02,787.4978577153931,659.290692710025,922.0737838476849,787.4978577153931,787.4978577153931,2.110017700616515,2.110017700616515,2.110017700616515,2.110017700616515,2.110017700616515,2.110017700616515,0.0,0.0,0.0,789.6078754160096
239,2022-08-03,787.4526410016837,666.5592235771632,914.6250826076733,787.4526410016837,787.4526410016837,6.3733942160950265,6.3733942160950265,6.3733942160950265,6.3733942160950265,6.3733942160950265,6.3733942160950265,0.0,0.0,0.0,793.8260352177787
240,2022-08-04,787.4074242879741,658.548578607685,917.0286104652722,787.4074242879741,787.4074242879741,-0.15582663016769185,-0.15582663016769185,-0.15582663016769185,-0.15582663016769185,-0.15582663016769185,-0.15582663016769185,0.0,0.0,0.0,787.2515976578064
241,2022-08-05,787.3622075742644,657.8463778039876,913.4154952098316,787.3622075742644,787.3622075742644,-4.287081330312857,-4.287081330312857,-4.287081330312857,-4.287081330312857,-4.287081330312857,-4.287081330312857,0.0,0.0,0.0,783.0751262439516
242,2022-08-08,787.2265574331356,678.8889824520373,921.1248715955861,787.2265574331356,787.2265574331356,12.615035359672502,12.615035359672502,12.615035359672502,12.615035359672502,12.615035359672502,12.615035359672502,0.0,0.0,0.0,799.841592792808
243,2022-08-09,787.1813407194259,660.8540327579383,920.4495837320851,787.1813407194259,787.1813407194259,2.110017700604321,2.110017700604321,2.110017700604321,2.110017700604321,2.110017700604321,2.110017700604321,0.0,0.0,0.0,789.2913584200302
244,2022-08-10,787.1361240057163,664.3193836636979,917.1739827937577,787.1361240057163,787.1361240057163,6.373394216062302,6.373394216062302,6.373394216062302,6.373394216062302,6.373394216062302,6.373394216062302,0.0,0.0,0.0,793.5095182217785
245,2022-08-11,787.0909072920066,665.4966231544438,921.5085629738716,787.0909072920066,787.0909072920066,-0.1558266301960401,-0.1558266301960401,-0.1558266301960401,-0.1558266301960401,-0.1558266301960401,-0.1558266301960401,0.0,0.0,0.0,786.9350806618105
246,2022-08-12,787.045690578297,662.8405202913018,910.4037399086681,787.045690578297,787.045690578297,-4.2870813302532245,-4.2870813302532245,-4.2870813302532245,-4.2870813302532245,-4.2870813302532245,-4.2870813302532245,0.0,0.0,0.0,782.7586092480437
247,2022-08-15,786.910040437168,682.2302199138859,925.5318814591674,786.910040437168,786.910040437168,12.615035359672582,12.615035359672582,12.615035359672582,12.615035359672582,12.615035359672582,12.615035359672582,0.0,0.0,0.0,799.5250757968406
248,2022-08-16,786.8648237234585,673.4813037995109,910.6527840571785,786.8648237234585,786.8648237234585,2.1100177006028464,2.1100177006028464,2.1100177006028464,2.1100177006028464,2.1100177006028464,2.1100177006028464,0.0,0.0,0.0,788.9748414240613
249,2022-08-17,786.8196070097488,664.0227111163258,918.1047274023399,786.8196070097488,786.8196070097488,6.37339421608043,6.37339421608043,6.37339421608043,6.37339421608043,6.37339421608043,6.37339421608043,0.0,0.0,0.0,793.1930012258292
250,2022-08-18,786.7743902960392,662.6138724963595,916.3653029015827,786.7743902960392,786.7743902960392,-0.15582663018245443,-0.15582663018245443,-0.15582663018245443,-0.15582663018245443,-0.15582663018245443,-0.15582663018245443,0.0,0.0,0.0,786.6185636658568
251,2022-08-19,786.7291735823296,656.2857283246925,897.523178673747,786.7291735823296,786.7291735823296,-4.287081330306395,-4.287081330306395,-4.287081330306395,-4.287081330306395,-4.287081330306395,-4.287081330306395,0.0,0.0,0.0,782.4420922520233
252,2022-08-20,786.68395686862,645.9359518626713,900.9399078446777,786.68395686862,786.68395686862,-8.327769630135908,-8.327769630135908,-8.327769630135908,-8.327769630135908,-8.327769630135908,-8.327769630135908,0.0,0.0,0.0,778.3561872384842
253,2022-08-21,786.6387401549104,661.040266063718,903.2860039193407,786.6387401549104,786.6387401549104,-8.327769685758932,-8.327769685758932,-8.327769685758932,-8.327769685758932,-8.327769685758932,-8.327769685758932,0.0,0.0,0.0,778.3109704691515
254,2022-08-22,786.5935234412008,674.4363160419565,930.8273455801259,786.5934507546494,786.5935234412008,12.615035359646242,12.615035359646242,12.615035359646242,12.615035359646242,12.615035359646242,12.615035359646242,0.0,0.0,0.0,799.208558800847
255,2022-08-23,786.5483067274911,659.9272065719489,907.7642233561172,786.4525676601608,786.6199904192372,2.110017700622931,2.110017700622931,2.110017700622931,2.110017700622931,2.110017700622931,2.110017700622931,0.0,0.0,0.0,788.658324428114
256,2022-08-24,786.5030900137815,666.3646293015707,918.7366215339347,786.2761250707182,786.7200142701518,6.373394216073133,6.373394216073133,6.373394216073133,6.373394216073133,6.373394216073133,6.373394216073133,0.0,0.0,0.0,792.8764842298547
257,2022-08-25,786.4578733000718,651.522160571918,915.8108746054595,786.0883864241076,786.8649333435802,-0.1558266301757068,-0.1558266301757068,-0.1558266301757068,-0.1558266301757068,-0.1558266301757068,-0.1558266301757068,0.0,0.0,0.0,786.3020466698961
258,2022-08-26,786.4126565863622,661.7847910166456,907.4752467044133,785.8159437783785,787.0402298822461,-4.287081330283941,-4.287081330283941,-4.287081330283941,-4.287081330283941,-4.287081330283941,-4.287081330283941,0.0,0.0,0.0,782.1255752560783
259,2022-08-27,786.3674398726525,649.9932253944546,904.2523657755378,785.6080879051765,787.2136068087724,-8.327769630096261,-8.327769630096261,-8.327769630096261,-8.327769630096261,-8.327769630096261,-8.327769630096261,0.0,0.0,0.0,778.0396702425563
260,2022-08-28,786.322223158943,653.1325830326559,895.4651113208236,785.2901429978614,787.5202861165548,-8.327769685732619,-8.327769685732619,-8.327769685732619,-8.327769685732619,-8.327769685732619,-8.327769685732619,0.0,0.0,0.0,777.9944534732103
261,2022-08-29,786.2770064452333,672.7825897120954,921.8589132748633,785.0202263850236,787.7565405635182,12.61503535965243,12.61503535965243,12.61503535965243,12.61503535965243,12.61503535965243,12.61503535965243,0.0,0.0,0.0,798.8920418048857
262,2022-08-30,786.2317897315237,668.5993941152568,922.1941315542609,784.606026061838,787.9698683416483,2.110017700621455,2.110017700621455,2.110017700621455,2.110017700621455,2.110017700621455,2.110017700621455,0.0,0.0,0.0,788.3418074321452
263,2022-08-31,786.186573017814,670.7633804195874,924.9226831022964,784.2171829252759,788.202283559368,6.3733942160912616,6.3733942160912616,6.3733942160912616,6.3733942160912616,6.3733942160912616,6.3733942160912616,0.0,0.0,0.0,792.5599672339052
264,2022-09-01,786.1413563041044,649.7821545556991,904.5973424211038,783.897593188512,788.48850017305,-0.15582663016895917,-0.15582663016895917,-0.15582663016895917,-0.15582663016895917,-0.15582663016895917,-0.15582663016895917,0.0,0.0,0.0,785.9855296739355
265,2022-09-02,786.0961395903947,656.6759685019183,904.3006628518692,783.507526652202,788.9090194182688,-4.2870813302614845,-4.2870813302614845,-4.2870813302614845,-4.2870813302614845,-4.2870813302614845,-4.2870813302614845,0.0,0.0,0.0,781.8090582601333
266,2022-09-03,786.0509228766851,657.813325874017,902.9124008606987,783.0225833960616,789.2484212119361,-8.327769630117652,-8.327769630117652,-8.327769630117652,-8.327769630117652,-8.327769630117652,-8.327769630117652,0.0,0.0,0.0,777.7231532465674
267,2022-09-04,786.0057061629755,647.1848917560322,914.0067801354704,782.5420187400275,789.537329923386,-8.327769685728029,-8.327769685728029,-8.327769685728029,-8.327769685728029,-8.327769685728029,-8.327769685728029,0.0,0.0,0.0,777.6779364772474
268,2022-09-05,785.9604894492659,676.5762368659391,921.2260090137769,782.1679082277682,789.943434341804,12.615035359658618,12.615035359658618,12.615035359658618,12.615035359658618,12.615035359658618,12.615035359658618,0.0,0.0,0.0,798.5755248089245
269,2022-09-06,785.9152727355563,665.8920382068349,920.891361031506,781.7950271796251,790.3514727335399,2.110017700609261,2.110017700609261,2.110017700609261,2.110017700609261,2.110017700609261,2.110017700609261,0.0,0.0,0.0,788.0252904361655
270,2022-09-07,785.8700560218467,663.7999254297731,923.8330060279301,781.3531463156364,790.582634234019,6.373394216058536,6.373394216058536,6.373394216058536,6.373394216058536,6.373394216058536,6.373394216058536,0.0,0.0,0.0,792.2434502379052
271,2022-09-08,785.824839308137,651.9886188985969,915.4323696128597,781.0109895133194,790.9766337658191,-0.1558266301904694,-0.1558266301904694,-0.1558266301904694,-0.1558266301904694,-0.1558266301904694,-0.1558266301904694,0.0,0.0,0.0,785.6690126779465
272,2022-09-09,785.7796225944275,650.8813859039356,904.7456849666557,780.4685048768833,791.3444483561614,-4.287081330314657,-4.287081330314657,-4.287081330314657,-4.287081330314657,-4.287081330314657,-4.287081330314657,0.0,0.0,0.0,781.4925412641128
273,2022-09-10,785.7344058807178,651.4685250841756,899.7608932225656,779.8737025839911,791.8741897628262,-8.327769630111048,-8.327769630111048,-8.327769630111048,-8.327769630111048,-8.327769630111048,-8.327769630111048,0.0,0.0,0.0,777.4066362506068
274,2022-09-11,785.6891891670082,650.9602774424335,896.5897035841069,779.4706627029192,792.5720904201631,-8.32776968572344,-8.32776968572344,-8.32776968572344,-8.32776968572344,-8.32776968572344,-8.32776968572344,0.0,0.0,0.0,777.3614194812848
275,2022-09-12,785.6439724532985,670.2311856615314,913.3741915211303,778.7750176709591,792.9540636313212,12.615035359664805,12.615035359664805,12.615035359664805,12.615035359664805,12.615035359664805,12.615035359664805,0.0,0.0,0.0,798.2590078129633
276,2022-09-13,785.5987557395889,676.1476358303167,914.9974173501903,778.2087711209952,793.2268213532725,2.11001770061851,2.11001770061851,2.11001770061851,2.11001770061851,2.11001770061851,2.11001770061851,0.0,0.0,0.0,787.7087734402074
277,2022-09-14,785.5535390258792,660.921215060987,909.9912681917064,777.6806192767647,793.7014474542943,6.37339421608498,6.37339421608498,6.37339421608498,6.37339421608498,6.37339421608498,6.37339421608498,0.0,0.0,0.0,791.9269332419642
278,2022-09-15,785.5083223121696,666.4322844103646,913.1078909830608,777.226913201647,794.405480422264,-0.15582663018372178,-0.15582663018372178,-0.15582663018372178,-0.15582663018372178,-0.15582663018372178,-0.15582663018372178,0.0,0.0,0.0,785.3524956819859
279,2022-09-16,785.46310559846,652.9788769028858,907.011086070243,776.5659266230325,795.0145910497044,-4.287081330292203,-4.287081330292203,-4.287081330292203,-4.287081330292203,-4.287081330292203,-4.287081330292203,0.0,0.0,0.0,781.1760242681678
280,2022-09-17,785.4178888847504,642.0898494034395,905.5362172234685,775.8930481931932,795.7944024947353,-8.327769630137485,-8.327769630137485,-8.327769630137485,-8.327769630137485,-8.327769630137485,-8.327769630137485,0.0,0.0,0.0,777.0901192546129
281,2022-09-18,785.3726721710407,642.1298864072786,904.006805566136,775.4392716457687,796.4646676866791,-8.327769685771361,-8.327769685771361,-8.327769685771361,-8.327769685771361,-8.327769685771361,-8.327769685771361,0.0,0.0,0.0,777.0449024852693
